graph_id,construction_type,N,k_target,provenance_seed,degree_mean,degree_std,degree_min,degree_max,degree_kurtosis,centrality_mean,edge_algebraic_label_mean,omega_exact,alpha_exact,omega_lower,omega_upper,alpha_lower,alpha_upper,theta_approx,spectral_gap,is_k_free,triangles,k4,n_1_over_k,exact,gpu_kernel,run001,field,device,adj_matrix_path,algebraic_residue_vec_0,algebraic_residue_vec_1,algebraic_residue_vec_2,algebraic_residue_vec_3,algebraic_residue_vec_4,algebraic_residue_vec_5,algebraic_residue_vec_6,algebraic_residue_vec_7,algebraic_residue_vec_8,algebraic_residue_vec_9,runtime_sec,params
paley_prime_p5,paley_prime,5,3,5,2.0,0.0,2.0,2.0,0.0,0.5,0.5,2,2,2,2,2,2,2.2360679774997907,1.381966011250103,True,0,0,1.7099759466766968,True,outer_diff + euler_legendre,done,F_5,numpy-openblas,data/adj/paley_prime_p5.npy,1,0,0,1,0,0,0,0,0,0,0.0005,"{""p"": 5}"
paley_prime_p13,paley_prime,13,4,13,6.0,0.0,6.0,6.0,0.0,0.5,0.5,3,3,3,3,3,3,3.605551275463989,4.697224362268007,True,26,0,1.8988289221159418,True,outer_diff + euler_legendre,done,F_13,numpy-openblas,data/adj/paley_prime_p13.npy,1,0,1,1,0,0,0,0,1,1,0.0005,"{""p"": 13}"
paley_prime_p17,paley_prime,17,4,17,8.0,0.0,8.0,8.0,0.0,0.5,0.5,3,3,3,3,3,3,4.123105625617663,6.438447187191167,True,68,0,2.0305431848689306,True,outer_diff + euler_legendre,done,F_17,numpy-openblas,data/adj/paley_prime_p17.npy,1,1,0,1,0,0,0,1,1,0,0.0006,"{""p"": 17}"
paley_prime_p29,paley_prime,29,6,29,14.0,0.0,14.0,14.0,0.0,0.5,0.5,,,4,5,4,5,5.385164807134511,11.807417596432739,True,406,203,1.7528025632357591,False,outer_diff + euler_legendre,done,F_29,numpy-openblas,data/adj/paley_prime_p29.npy,1,0,0,1,1,1,1,0,1,0,0.0007,"{""p"": 29}"
paley_prime_p37,paley_prime,37,7,37,18.0,0.0,18.0,18.0,0.0,0.5,0.5,,,4,6,4,6,6.082762530298226,15.45861873485088,True,888,555,1.6750540209862346,False,outer_diff + euler_legendre,done,F_37,numpy-openblas,data/adj/paley_prime_p37.npy,1,0,1,1,0,0,1,0,1,1,0.0009,"{""p"": 37}"
paley_prime_p41,paley_prime,41,7,41,20.0,0.0,20.0,20.0,0.0,0.5,0.5,,,5,6,5,6,6.403124237432854,17.298437881283572,True,1230,1025,1.6997994869342874,False,outer_diff + euler_legendre,done,F_41,numpy-openblas,data/adj/paley_prime_p41.npy,1,1,0,1,1,0,0,1,1,1,0.0011,"{""p"": 41}"
paley_prime_p53,paley_prime,53,8,53,26.0,0.0,26.0,26.0,0.0,0.5,0.5,,,5,7,5,7,7.280109889280531,22.859945055359724,True,2756,-1,1.6426100804536923,False,outer_diff + euler_legendre,done,F_53,numpy-openblas,data/adj/paley_prime_p53.npy,1,0,0,1,0,1,1,0,1,1,0.0004,"{""p"": 53}"
paley_prime_p61,paley_prime,61,8,61,30.0,0.0,30.0,30.0,0.0,0.5,0.5,,,5,7,5,7,7.810249675906662,26.594875162046662,True,4270,-1,1.6717303588411743,False,outer_diff + euler_legendre,done,F_61,numpy-openblas,data/adj/paley_prime_p61.npy,1,0,1,1,1,0,0,0,1,0,0.0004,"{""p"": 61}"
paley_prime_p73,paley_prime,73,9,73,36.0,0.0,36.0,36.0,0.0,0.5,0.5,,,5,8,5,8,8.544003745317545,32.22799812734121,True,7446,-1,1.610778682311281,False,outer_diff + euler_legendre,done,F_73,numpy-openblas,data/adj/paley_prime_p73.npy,1,1,1,1,0,1,0,1,1,0,0.0005,"{""p"": 73}"
paley_prime_p89,paley_prime,89,10,89,44.0,0.0,44.0,44.0,0.0,0.5,0.5,,,5,9,5,9,9.43398113205662,39.783009433971735,True,13706,-1,1.5665310257218434,False,outer_diff + euler_legendre,done,F_89,numpy-openblas,data/adj/paley_prime_p89.npy,1,1,0,1,1,0,0,1,1,1,0.0006,"{""p"": 89}"
paley_prime_p97,paley_prime,97,10,97,48.0,0.0,48.0,48.0,0.0,0.5,0.5,,,6,9,6,9,9.848857801796122,43.57557109910192,True,17848,-1,1.580073077972056,False,outer_diff + euler_legendre,done,F_97,numpy-openblas,data/adj/paley_prime_p97.npy,1,1,1,1,0,1,0,1,1,0,0.0007,"{""p"": 97}"
paley_prime_p101,paley_prime,101,11,101,50.0,0.0,50.0,50.0,0.0,0.5,0.5,,,5,10,5,10,10.049875621120904,45.47506218943954,True,20200,-1,1.521286579355953,False,outer_diff + euler_legendre,done,F_101,numpy-openblas,data/adj/paley_prime_p101.npy,1,0,0,1,1,1,0,0,1,0,0.0008,"{""p"": 101}"
paley_prime_power_p3_q9_n2,paley_prime_power,9,4,3,4.0,0.0,4.0,4.0,0.0,0.5,0.5,3,3,3,3,3,3,2.9999999999999996,3.0000000000000004,True,6,0,1.7320508075688772,True,F_p2_batch_pow on outer_diff,not_done,F_9,numpy-openblas,data/adj/paley_prime_power_p3_q9_n2.npy,1,1,1,0,0,1,0,0,0,0,0.0003,"{""p"": 3, ""n"": 2, ""q"": 9, ""nres"": 2}"
paley_prime_power_p5_q25_n2,paley_prime_power,25,6,5,12.0,0.0,12.0,12.0,0.0,0.5,0.5,,,5,5,5,5,5.0000000000000036,9.999999999999996,True,250,75,1.7099759466766968,False,F_p2_batch_pow on outer_diff,not_done,F_25,numpy-openblas,data/adj/paley_prime_power_p5_q25_n2.npy,1,1,1,1,0,1,0,0,1,0,0.0006,"{""p"": 5, ""n"": 2, ""q"": 25, ""nres"": 2}"
paley_prime_power_p7_q49_n2,paley_prime_power,49,8,7,24.0,0.0,24.0,24.0,0.0,0.5,0.5,,,7,7,7,7,7.000000000000008,20.999999999999986,True,2156,-1,1.6265765616977856,False,F_p2_batch_pow on outer_diff,not_done,F_49,numpy-openblas,data/adj/paley_prime_power_p7_q49_n2.npy,1,1,1,1,1,1,1,0,1,0,0.0004,"{""p"": 7, ""n"": 2, ""q"": 49, ""nres"": 3}"
paley_prime_power_p11_q121_n2,paley_prime_power,121,12,11,60.0,0.0,60.0,60.0,0.0,0.5,0.5,,,11,11,11,11,11.000000000000021,54.99999999999998,True,35090,-1,1.4913014754131089,False,F_p2_batch_pow on outer_diff,not_done,F_121,numpy-openblas,data/adj/paley_prime_power_p11_q121_n2.npy,1,1,1,1,1,1,1,1,1,1,0.0013,"{""p"": 11, ""n"": 2, ""q"": 121, ""nres"": 2}"
paley_prime_power_p13_q169_n2,paley_prime_power,169,14,13,84.0,0.0,84.0,84.0,0.0,0.5,0.5,,,13,13,13,13,13.000000000000016,78.00000000000004,True,97006,-1,1.4425629194429777,False,F_p2_batch_pow on outer_diff,not_done,F_169,numpy-openblas,data/adj/paley_prime_power_p13_q169_n2.npy,1,1,1,1,1,1,1,1,1,1,0.002,"{""p"": 13, ""n"": 2, ""q"": 169, ""nres"": 2}"
generalized_paley_p13_k3,generalized_paley,13,5,13,4.0,0.0,4.0,4.0,0.0,0.3333333333333333,0.3333333333333333,2,4,2,2,4,4,5.181736625420597,2.6227971460270405,True,0,0,1.6702776523348104,True,outer_diff + kth_power_residue,not_done,F_13,numpy-openblas,data/adj/generalized_paley_p13_k3.npy,1,0,0,0,1,0,0,1,0,0,0.0004,"{""p"": 13, ""k"": 3}"
generalized_paley_p19_k3,generalized_paley,19,5,19,6.0,0.0,6.0,6.0,0.0,0.33333333333333326,0.3333333333333333,3,4,3,3,4,4,5.240429751206538,3.492981355907018,True,38,0,1.8019831273171423,True,outer_diff + kth_power_residue,not_done,F_19,numpy-openblas,data/adj/generalized_paley_p19_k3.npy,1,0,0,0,0,0,1,1,0,0,0.0005,"{""p"": 19, ""k"": 3}"
generalized_paley_p31_k3,generalized_paley,31,7,31,10.0,0.0,10.0,10.0,0.0,0.3333333333333335,0.3333333333333333,,,3,4,6,6,7.686594316715031,6.916127640564386,True,155,0,1.6332462531687597,False,outer_diff + kth_power_residue,not_done,F_31,numpy-openblas,data/adj/generalized_paley_p31_k3.npy,1,1,0,1,0,0,0,1,0,0,0.0008,"{""p"": 31, ""k"": 3}"
generalized_paley_p37_k3,generalized_paley,37,9,37,12.0,0.0,12.0,12.0,0.0,0.33333333333333337,0.3333333333333333,,,3,3,7,8,9.835251543582247,9.812899192393585,True,148,0,1.4936355304176858,False,outer_diff + kth_power_residue,not_done,F_37,numpy-openblas,data/adj/generalized_paley_p37_k3.npy,1,0,0,0,0,1,0,1,0,1,0.0009,"{""p"": 37, ""k"": 3}"
generalized_paley_p43_k3,generalized_paley,43,9,43,14.0,0.0,14.0,14.0,0.0,0.33333333333333337,0.3333333333333333,,,3,4,7,8,10.465276377261878,11.11176399115659,True,301,0,1.5187856847554257,False,outer_diff + kth_power_residue,not_done,F_43,numpy-openblas,data/adj/generalized_paley_p43_k3.npy,1,1,0,1,0,0,0,1,0,0,0.0011,"{""p"": 43, ""k"": 3}"
generalized_paley_p61_k3,generalized_paley,61,9,61,20.0,0.0,20.0,20.0,0.0,0.3333333333333332,0.3333333333333333,,,3,5,8,8,11.778597210821982,15.769522294807318,True,1220,-1,1.5789558319019596,False,outer_diff + kth_power_residue,not_done,F_61,numpy-openblas,data/adj/generalized_paley_p61_k3.npy,1,0,1,0,0,0,0,1,1,0,0.0004,"{""p"": 61, ""k"": 3}"
generalized_paley_p67_k3,generalized_paley,67,10,67,22.0,0.0,22.0,22.0,0.0,0.33333333333333326,0.3333333333333333,,,3,5,8,9,13.038287070323953,17.914573343985786,True,1474,-1,1.5226759218487862,False,outer_diff + kth_power_residue,not_done,F_67,numpy-openblas,data/adj/generalized_paley_p67_k3.npy,1,0,1,0,1,0,0,1,1,0,0.0005,"{""p"": 67, ""k"": 3}"
generalized_paley_p73_k3,generalized_paley,73,10,73,24.0,0.0,24.0,24.0,0.0,0.3333333333333333,0.3333333333333333,,,4,5,7,9,12.204915264156574,19.049829574723105,True,2336,-1,1.5357915933617867,False,outer_diff + kth_power_residue,not_done,F_73,numpy-openblas,data/adj/generalized_paley_p73_k3.npy,1,0,1,0,0,0,1,1,1,1,0.0005,"{""p"": 73, ""k"": 3}"
generalized_paley_p79_k3,generalized_paley,79,14,79,26.0,0.0,26.0,26.0,0.0,0.3333333333333332,0.3333333333333333,,,3,5,9,13,15.270264599441889,22.878491145949592,True,2054,-1,1.3662959853670587,False,outer_diff + kth_power_residue,not_done,F_79,numpy-openblas,data/adj/generalized_paley_p79_k3.npy,1,0,0,0,0,0,0,1,0,1,0.0005,"{""p"": 79, ""k"": 3}"
generalized_paley_p97_k3,generalized_paley,97,10,97,32.0,0.0,32.0,32.0,0.0,0.33333333333333337,0.3333333333333333,,,5,8,8,9,11.037141583742857,25.79340631456069,True,6208,-1,1.580073077972056,False,outer_diff + kth_power_residue,not_done,F_97,numpy-openblas,data/adj/generalized_paley_p97_k3.npy,1,0,0,0,0,0,0,1,0,0,0.0007,"{""p"": 97, ""k"": 3}"
generalized_paley_p103_k3,generalized_paley,103,11,103,34.0,0.0,34.0,34.0,0.0,0.3333333333333335,0.3333333333333333,,,5,7,9,10,13.798380317600119,27.85360833839951,True,7004,-1,1.5240008254984645,False,outer_diff + kth_power_residue,not_done,F_103,numpy-openblas,data/adj/generalized_paley_p103_k3.npy,1,0,1,0,0,0,0,1,1,1,0.0008,"{""p"": 103, ""k"": 3}"
generalized_paley_p109_k3,generalized_paley,109,12,109,36.0,0.0,36.0,36.0,0.0,0.3333333333333334,0.3333333333333333,,,5,6,9,11,16.603689929006507,30.41996371582799,True,7194,-1,1.4783781715070103,False,outer_diff + kth_power_residue,not_done,F_109,numpy-openblas,data/adj/generalized_paley_p109_k3.npy,1,1,0,1,0,0,0,1,0,0,0.0009,"{""p"": 109, ""k"": 3}"
generalized_paley_p127_k3,generalized_paley,127,17,127,42.0,0.0,42.0,42.0,0.0,0.3333333333333334,0.3333333333333333,,,3,6,10,16,19.785291745651943,37.58977037908065,True,9779,-1,1.3296984424912093,False,outer_diff + kth_power_residue,not_done,F_127,numpy-openblas,data/adj/generalized_paley_p127_k3.npy,1,1,0,1,1,0,0,1,0,1,0.0011,"{""p"": 127, ""k"": 3}"
generalized_paley_p139_k3,generalized_paley,139,20,139,46.0,0.0,46.0,46.0,0.0,0.3333333333333333,0.3333333333333333,,,4,6,10,19,20.96782589029383,41.91048786897419,True,12788,-1,1.2798254438713754,False,outer_diff + kth_power_residue,not_done,F_139,numpy-openblas,data/adj/generalized_paley_p139_k3.npy,1,0,0,0,0,1,0,1,0,1,0.0013,"{""p"": 139, ""k"": 3}"
generalized_paley_p151_k3,generalized_paley,151,13,151,50.0,0.0,50.0,50.0,0.0,0.3333333333333333,0.3333333333333333,,,5,9,10,12,16.017404382223592,42.35511296770183,True,22650,-1,1.4710031791471947,False,outer_diff + kth_power_residue,not_done,F_151,numpy-openblas,data/adj/generalized_paley_p151_k3.npy,1,0,1,0,0,0,0,1,1,0,0.0015,"{""p"": 151, ""k"": 3}"
generalized_paley_p157_k3,generalized_paley,157,16,157,52.0,0.0,52.0,52.0,0.0,0.3333333333333333,0.3333333333333333,,,5,7,10,15,21.490410030519275,46.05982024573117,True,20410,-1,1.3716513279162033,False,outer_diff + kth_power_residue,not_done,F_157,numpy-openblas,data/adj/generalized_paley_p157_k3.npy,1,1,0,1,0,0,1,1,0,0,0.0016,"{""p"": 157, ""k"": 3}"
generalized_paley_p163_k3,generalized_paley,163,13,163,54.0,0.0,54.0,54.0,0.0,0.3333333333333333,0.3333333333333333,,,6,11,10,12,14.021242531193522,45.84175333128786,True,29340,-1,1.479681613357961,False,outer_diff + kth_power_residue,not_done,F_163,numpy-openblas,data/adj/generalized_paley_p163_k3.npy,1,0,0,0,1,1,0,1,0,0,0.0019,"{""p"": 163, ""k"": 3}"
generalized_paley_p181_k3,generalized_paley,181,15,181,60.0,0.0,60.0,60.0,0.0,0.3333333333333333,0.3333333333333333,,,5,8,10,14,20.534280480171457,52.20283953600814,True,36200,-1,1.4142034910461767,False,outer_diff + kth_power_residue,not_done,F_181,numpy-openblas,data/adj/generalized_paley_p181_k3.npy,1,0,0,0,1,1,1,1,0,0,0.0024,"{""p"": 181, ""k"": 3}"
generalized_paley_p17_k4,generalized_paley,17,7,17,4.0,0.0,4.0,4.0,0.0,0.25,0.25,2,6,2,2,6,6,7.153067017054691,1.9505188222646832,True,0,0,1.498919872071562,True,outer_diff + kth_power_residue,not_done,F_17,numpy-openblas,data/adj/generalized_paley_p17_k4.npy,1,0,0,1,0,0,0,0,0,0,0.0005,"{""p"": 17, ""k"": 4}"
generalized_paley_p41_k4,generalized_paley,41,10,41,10.0,0.0,10.0,10.0,0.0,0.25,0.25,,,2,3,9,9,13.43116585609998,7.589479655909702,True,0,0,1.4497008237135636,False,outer_diff + kth_power_residue,not_done,F_41,numpy-openblas,data/adj/generalized_paley_p41_k4.npy,1,0,0,1,0,0,0,0,0,1,0.001,"{""p"": 41, ""k"": 4}"
generalized_paley_p73_k4,generalized_paley,73,12,73,18.0,0.0,18.0,18.0,0.0,0.25,0.25,,,3,4,11,11,15.41719255380333,12.602731286286794,True,1095,-1,1.429805308016175,False,outer_diff + kth_power_residue,not_done,F_73,numpy-openblas,data/adj/generalized_paley_p73_k4.npy,1,1,0,1,0,0,0,1,1,0,0.0005,"{""p"": 73, ""k"": 4}"
generalized_paley_p89_k4,generalized_paley,89,14,89,22.0,0.0,22.0,22.0,0.0,0.25,0.25,,,3,4,13,13,20.858145986621953,17.604856122980944,True,979,-1,1.3779775538868355,False,outer_diff + kth_power_residue,not_done,F_89,numpy-openblas,data/adj/generalized_paley_p89_k4.npy,1,1,0,1,0,0,0,1,0,0,0.0007,"{""p"": 89, ""k"": 4}"
generalized_paley_p97_k4,generalized_paley,97,19,97,24.0,0.0,24.0,24.0,0.0,0.25,0.25,,,3,4,15,18,23.164075815393968,20.765516028837713,True,776,-1,1.272233811408365,False,outer_diff + kth_power_residue,not_done,F_97,numpy-openblas,data/adj/generalized_paley_p97_k4.npy,1,0,0,1,0,1,0,0,1,0,0.0008,"{""p"": 97, ""k"": 4}"
generalized_paley_p113_k4,generalized_paley,113,14,113,28.0,0.0,28.0,28.0,0.0,0.25,0.25,,,5,6,13,13,17.421880958286856,20.752383218335943,True,4746,-1,1.4016786561858603,False,outer_diff + kth_power_residue,not_done,F_113,numpy-openblas,data/adj/generalized_paley_p113_k4.npy,1,1,0,1,0,0,1,1,0,0,0.001,"{""p"": 113, ""k"": 4}"
generalized_paley_p137_k4,generalized_paley,137,12,137,34.0,0.0,34.0,34.0,0.0,0.25,0.25,,,5,9,10,11,15.035928737419939,25.56023565654812,True,9316,-1,1.5068153900063055,False,outer_diff + kth_power_residue,not_done,F_137,numpy-openblas,data/adj/generalized_paley_p137_k4.npy,1,0,0,1,0,0,0,0,0,0,0.0013,"{""p"": 137, ""k"": 4}"
generalized_paley_p13_k6,generalized_paley,13,7,13,2.0,0.0,2.0,2.0,0.0,0.16666666666666666,0.16666666666666666,2,6,2,2,6,6,6.404168562937426,0.22908794869358018,True,0,0,1.4425629194429777,True,outer_diff + kth_power_residue,not_done,F_13,numpy-openblas,data/adj/generalized_paley_p13_k6.npy,1,0,0,0,0,0,0,0,0,0,0.0004,"{""p"": 13, ""k"": 6}"
generalized_paley_p37_k6,generalized_paley,37,10,37,6.0,0.0,6.0,6.0,0.0,0.16666666666666669,0.16666666666666666,,,3,3,9,9,11.299553025848544,1.9521873094801245,True,74,0,1.4348951656753595,False,outer_diff + kth_power_residue,not_done,F_37,numpy-openblas,data/adj/generalized_paley_p37_k6.npy,1,0,0,0,0,0,0,0,0,1,0.0009,"{""p"": 37, ""k"": 6}"
generalized_paley_p61_k6,generalized_paley,61,15,61,10.0,0.0,10.0,10.0,0.0,0.1666666666666666,0.16666666666666666,,,2,2,14,14,20.579826467705026,6.585426806791563,True,0,-1,1.315291425743713,False,outer_diff + kth_power_residue,not_done,F_61,numpy-openblas,data/adj/generalized_paley_p61_k6.npy,1,0,1,0,0,0,0,0,1,0,0.0004,"{""p"": 61, ""k"": 6}"
generalized_paley_p73_k6,generalized_paley,73,17,73,12.0,0.0,12.0,12.0,0.0,0.16666666666666666,0.16666666666666666,,,3,3,16,16,18.396415210217782,7.417789069219284,True,292,-1,1.2870849943718612,False,outer_diff + kth_power_residue,not_done,F_73,numpy-openblas,data/adj/generalized_paley_p73_k6.npy,1,0,1,0,0,0,0,1,1,0,0.0006,"{""p"": 73, ""k"": 6}"
generalized_paley_p97_k6,generalized_paley,97,19,97,16.0,0.0,16.0,16.0,0.0,0.16666666666666669,0.16666666666666666,,,2,3,18,18,29.306545234499612,12.419308301601436,True,0,-1,1.272233811408365,False,outer_diff + kth_power_residue,not_done,F_97,numpy-openblas,data/adj/generalized_paley_p97_k6.npy,1,0,0,0,0,0,0,1,0,0,0.0008,"{""p"": 97, ""k"": 6}"
generalized_paley_p109_k6,generalized_paley,109,20,109,18.0,0.0,18.0,18.0,0.0,0.1666666666666667,0.16666666666666666,,,3,3,19,19,30.216758306771293,11.926051098417236,True,654,-1,1.2643616800964834,False,outer_diff + kth_power_residue,not_done,F_109,numpy-openblas,data/adj/generalized_paley_p109_k6.npy,1,0,0,1,0,0,0,0,0,0,0.0011,"{""p"": 109, ""k"": 6}"
generalized_paley_p157_k6,generalized_paley,157,26,157,26.0,0.0,26.0,26.0,0.0,0.16666666666666666,0.16666666666666666,,,2,3,25,25,42.11608135068012,20.406695658894442,True,0,-1,1.214668247901078,False,outer_diff + kth_power_residue,not_done,F_157,numpy-openblas,data/adj/generalized_paley_p157_k6.npy,1,0,0,1,0,0,0,0,0,0,0.002,"{""p"": 157, ""k"": 6}"
generalized_paley_p181_k6,generalized_paley,181,23,181,30.0,0.0,30.0,30.0,0.0,0.16666666666666666,0.16666666666666666,,,3,4,22,22,41.65147628686134,23.92799829128277,True,1810,-1,1.2536027554100138,False,outer_diff + kth_power_residue,not_done,F_181,numpy-openblas,data/adj/generalized_paley_p181_k6.npy,1,0,0,0,1,0,0,0,0,0,0.0027,"{""p"": 181, ""k"": 6}"
cyclotomic_union_p13_e4_mask5,cyclotomic_union,13,4,13,6.0,0.0,6.0,6.0,0.0,0.5,0.5,3,3,3,3,3,3,3.605551275463989,4.697224362268007,True,26,0,1.8988289221159418,True,dlog_table + class_membership_mask,not_done,F_13,numpy-openblas,data/adj/cyclotomic_union_p13_e4_mask5.npy,1,0,1,1,0,0,0,0,1,1,0.0004,"{""p"": 13, ""e"": 4, ""mask"": 5, ""primitive_root"": 2, ""selected"": [[0, true], [1, false], [2, true], [3, false]]}"
cyclotomic_union_p17_e4_mask5,cyclotomic_union,17,4,17,8.0,0.0,8.0,8.0,0.0,0.5,0.5,3,3,3,3,3,3,4.123105625617663,6.438447187191167,True,68,0,2.0305431848689306,True,dlog_table + class_membership_mask,not_done,F_17,numpy-openblas,data/adj/cyclotomic_union_p17_e4_mask5.npy,1,1,0,1,0,0,0,1,1,0,0.0005,"{""p"": 17, ""e"": 4, ""mask"": 5, ""primitive_root"": 3, ""selected"": [[0, true], [1, false], [2, true], [3, false]]}"
cyclotomic_union_p29_e4_mask5,cyclotomic_union,29,6,29,14.0,0.0,14.0,14.0,0.0,0.5,0.5,,,4,5,4,5,5.385164807134511,11.807417596432739,True,406,203,1.7528025632357591,False,dlog_table + class_membership_mask,not_done,F_29,numpy-openblas,data/adj/cyclotomic_union_p29_e4_mask5.npy,1,0,0,1,1,1,1,0,1,0,0.0006,"{""p"": 29, ""e"": 4, ""mask"": 5, ""primitive_root"": 2, ""selected"": [[0, true], [1, false], [2, true], [3, false]]}"
cyclotomic_union_p37_e4_mask5,cyclotomic_union,37,7,37,18.0,0.0,18.0,18.0,0.0,0.5,0.5,,,4,6,4,6,6.082762530298226,15.45861873485088,True,888,555,1.6750540209862346,False,dlog_table + class_membership_mask,not_done,F_37,numpy-openblas,data/adj/cyclotomic_union_p37_e4_mask5.npy,1,0,1,1,0,0,1,0,1,1,0.0009,"{""p"": 37, ""e"": 4, ""mask"": 5, ""primitive_root"": 2, ""selected"": [[0, true], [1, false], [2, true], [3, false]]}"
cyclotomic_union_p41_e4_mask5,cyclotomic_union,41,7,41,20.0,0.0,20.0,20.0,0.0,0.5,0.5,,,5,6,5,6,6.403124237432854,17.298437881283572,True,1230,1025,1.6997994869342874,False,dlog_table + class_membership_mask,not_done,F_41,numpy-openblas,data/adj/cyclotomic_union_p41_e4_mask5.npy,1,1,0,1,1,0,0,1,1,1,0.001,"{""p"": 41, ""e"": 4, ""mask"": 5, ""primitive_root"": 6, ""selected"": [[0, true], [1, false], [2, true], [3, false]]}"
cyclotomic_union_p53_e4_mask5,cyclotomic_union,53,8,53,26.0,0.0,26.0,26.0,0.0,0.5,0.5,,,5,7,5,7,7.280109889280531,22.859945055359724,True,2756,-1,1.6426100804536923,False,dlog_table + class_membership_mask,not_done,F_53,numpy-openblas,data/adj/cyclotomic_union_p53_e4_mask5.npy,1,0,0,1,0,1,1,0,1,1,0.0003,"{""p"": 53, ""e"": 4, ""mask"": 5, ""primitive_root"": 2, ""selected"": [[0, true], [1, false], [2, true], [3, false]]}"
cyclotomic_union_p61_e4_mask5,cyclotomic_union,61,8,61,30.0,0.0,30.0,30.0,0.0,0.5,0.5,,,5,7,5,7,7.810249675906662,26.594875162046662,True,4270,-1,1.6717303588411743,False,dlog_table + class_membership_mask,not_done,F_61,numpy-openblas,data/adj/cyclotomic_union_p61_e4_mask5.npy,1,0,1,1,1,0,0,0,1,0,0.0004,"{""p"": 61, ""e"": 4, ""mask"": 5, ""primitive_root"": 2, ""selected"": [[0, true], [1, false], [2, true], [3, false]]}"
cyclotomic_union_p73_e4_mask5,cyclotomic_union,73,9,73,36.0,0.0,36.0,36.0,0.0,0.5,0.5,,,5,8,5,8,8.544003745317545,32.22799812734121,True,7446,-1,1.610778682311281,False,dlog_table + class_membership_mask,not_done,F_73,numpy-openblas,data/adj/cyclotomic_union_p73_e4_mask5.npy,1,1,1,1,0,1,0,1,1,0,0.0005,"{""p"": 73, ""e"": 4, ""mask"": 5, ""primitive_root"": 5, ""selected"": [[0, true], [1, false], [2, true], [3, false]]}"
quadratic_form_f2_n_bits4_formsymplectic,quadratic_form_f2,16,5,4,6.0,0.0,6.0,6.0,0.0,0.4,0.4,4,4,4,4,4,4,4.000000000000001,3.9999999999999996,True,32,8,1.7411011265922482,True,xor_outer + bitwise_quadratic,not_done,F_2^4,numpy-openblas,data/adj/quadratic_form_f2_n_bits4_formsymplectic.npy,0,0,1,0,0,0,1,0,0,0,0.0004,"{""n_bits"": 4, ""form"": ""symplectic"", ""N"": 16}"
quadratic_form_f2_n_bits4_formadjacent_bits,quadratic_form_f2,16,5,4,6.0,0.0,6.0,6.0,0.0,0.4,0.4,4,4,4,4,4,4,4.000000000000003,3.9999999999999964,True,32,8,1.7411011265922482,True,xor_outer + bitwise_quadratic,not_done,F_2^4,numpy-openblas,data/adj/quadratic_form_f2_n_bits4_formadjacent_bits.npy,0,0,1,0,0,1,0,0,0,0,0.0005,"{""n_bits"": 4, ""form"": ""adjacent_bits"", ""N"": 16}"
quadratic_form_f2_n_bits5_formsymplectic,quadratic_form_f2,32,9,5,12.0,0.0,12.0,12.0,0.0,0.3870967741935484,0.3870967741935484,,,4,4,8,8,8.000000000000004,8.000000000000004,True,256,128,1.4697344922755988,False,xor_outer + bitwise_quadratic,not_done,F_2^5,numpy-openblas,data/adj/quadratic_form_f2_n_bits5_formsymplectic.npy,0,0,1,0,0,0,1,0,0,0,0.0008,"{""n_bits"": 5, ""form"": ""symplectic"", ""N"": 32}"
quadratic_form_f2_n_bits5_formadjacent_bits,quadratic_form_f2,32,9,5,12.0,0.0,12.0,12.0,0.0,0.3870967741935484,0.3870967741935484,,,4,4,8,8,8.000000000000007,7.999999999999995,True,256,128,1.4697344922755988,False,xor_outer + bitwise_quadratic,not_done,F_2^5,numpy-openblas,data/adj/quadratic_form_f2_n_bits5_formadjacent_bits.npy,0,0,1,0,0,1,0,0,0,0,0.0009,"{""n_bits"": 5, ""form"": ""adjacent_bits"", ""N"": 32}"
quadratic_form_f2_n_bits6_formsymplectic,quadratic_form_f2,64,9,6,28.0,0.0,28.0,28.0,0.0,0.44444444444444453,0.4444444444444444,,,8,8,8,8,8.000000000000018,23.999999999999982,True,3584,-1,1.5874010519681994,False,xor_outer + bitwise_quadratic,not_done,F_2^6,numpy-openblas,data/adj/quadratic_form_f2_n_bits6_formsymplectic.npy,0,0,1,0,0,0,1,0,0,0,0.0005,"{""n_bits"": 6, ""form"": ""symplectic"", ""N"": 64}"
quadratic_form_f2_n_bits6_formadjacent_bits,quadratic_form_f2,64,9,6,28.0,0.0,28.0,28.0,0.0,0.44444444444444453,0.4444444444444444,,,8,8,8,8,8.000000000000018,23.99999999999998,True,3584,-1,1.5874010519681994,False,xor_outer + bitwise_quadratic,not_done,F_2^6,numpy-openblas,data/adj/quadratic_form_f2_n_bits6_formadjacent_bits.npy,0,0,1,0,0,1,0,0,0,0,0.0004,"{""n_bits"": 6, ""form"": ""adjacent_bits"", ""N"": 64}"
quadratic_form_f2_n_bits7_formsymplectic,quadratic_form_f2,128,17,7,56.0,0.0,56.0,56.0,0.0,0.44094488188976383,0.4409448818897638,,,8,8,16,16,16.000000000000018,48.00000000000003,True,28672,-1,1.330312058198122,False,xor_outer + bitwise_quadratic,not_done,F_2^7,numpy-openblas,data/adj/quadratic_form_f2_n_bits7_formsymplectic.npy,0,0,1,0,0,0,1,0,0,0,0.0015,"{""n_bits"": 7, ""form"": ""symplectic"", ""N"": 128}"
quadratic_form_f2_n_bits7_formadjacent_bits,quadratic_form_f2,128,17,7,56.0,0.0,56.0,56.0,0.0,0.44094488188976383,0.4409448818897638,,,8,8,16,16,16.000000000000036,47.99999999999999,True,28672,-1,1.330312058198122,False,xor_outer + bitwise_quadratic,not_done,F_2^7,numpy-openblas,data/adj/quadratic_form_f2_n_bits7_formadjacent_bits.npy,0,0,1,0,0,1,0,0,0,0,0.0012,"{""n_bits"": 7, ""form"": ""adjacent_bits"", ""N"": 128}"
quadratic_form_f2_n_bits8_formsymplectic,quadratic_form_f2,256,17,8,120.0,0.0,120.0,120.0,0.0,0.4705882352941177,0.47058823529411764,,,9,16,16,16,16.000000000000068,111.99999999999984,True,286720,-1,1.3856743389806951,False,xor_outer + bitwise_quadratic,not_done,F_2^8,numpy-openblas,data/adj/quadratic_form_f2_n_bits8_formsymplectic.npy,0,0,1,0,0,0,1,0,0,0,0.0052,"{""n_bits"": 8, ""form"": ""symplectic"", ""N"": 256}"
quadratic_form_f2_n_bits8_formadjacent_bits,quadratic_form_f2,256,17,8,120.0,0.0,120.0,120.0,0.0,0.4705882352941177,0.47058823529411764,,,9,16,16,16,16.000000000000046,111.99999999999999,True,286720,-1,1.3856743389806951,False,xor_outer + bitwise_quadratic,not_done,F_2^8,numpy-openblas,data/adj/quadratic_form_f2_n_bits8_formadjacent_bits.npy,0,0,1,0,0,1,0,0,0,0,0.0043,"{""n_bits"": 8, ""form"": ""adjacent_bits"", ""N"": 256}"
gold_trace_f2_k1_n_bits5,gold_trace_f2,32,7,5,16.0,0.0,16.0,16.0,0.0,0.5161290322580645,0.5161290322580645,,,6,6,4,4,6.400000000000005,11.999999999999996,True,640,640,1.640670712015276,False,xor_outer + gf2n_pow + frobenius_trace,not_done,F_2^5,numpy-openblas,data/adj/gold_trace_f2_k1_n_bits5.npy,1,1,0,1,0,1,0,1,0,1,0.0008,"{""n_bits"": 5, ""k"": 1, ""irr"": 37, ""N"": 32}"
gold_trace_f2_k2_n_bits5,gold_trace_f2,32,7,5,16.0,0.0,16.0,16.0,0.0,0.5161290322580645,0.5161290322580645,,,6,6,4,4,6.400000000000001,12.000000000000005,True,640,640,1.640670712015276,False,xor_outer + gf2n_pow + frobenius_trace,not_done,F_2^5,numpy-openblas,data/adj/gold_trace_f2_k2_n_bits5.npy,1,1,0,1,0,0,1,0,1,0,0.0008,"{""n_bits"": 5, ""k"": 2, ""irr"": 37, ""N"": 32}"
gold_trace_f2_k1_n_bits7,gold_trace_f2,128,10,7,64.0,0.0,64.0,64.0,0.0,0.5039370078740157,0.5039370078740157,,,8,9,8,8,14.22222222222225,55.99999999999998,True,43008,-1,1.6245047927124712,False,xor_outer + gf2n_pow + frobenius_trace,not_done,F_2^7,numpy-openblas,data/adj/gold_trace_f2_k1_n_bits7.npy,1,0,1,0,1,0,1,0,1,1,0.0013,"{""n_bits"": 7, ""k"": 1, ""irr"": 131, ""N"": 128}"
gold_trace_f2_k3_n_bits7,gold_trace_f2,128,10,7,64.0,0.0,64.0,64.0,0.0,0.5039370078740157,0.5039370078740157,,,8,9,8,8,14.222222222222278,55.999999999999915,True,43008,-1,1.6245047927124712,False,xor_outer + gf2n_pow + frobenius_trace,not_done,F_2^7,numpy-openblas,data/adj/gold_trace_f2_k3_n_bits7.npy,1,0,1,0,1,0,1,1,0,0,0.0011,"{""n_bits"": 7, ""k"": 3, ""irr"": 131, ""N"": 128}"
polarity_pg2_q3,polarity_pg2,13,6,3,3.6923076923076925,0.4615384615384616,3.0,4.0,-1.3055555555555547,0.3076923076923077,0.3076923076923077,3,5,3,3,5,5,4.811524061888333,2.01451743942684,True,4,0,1.5334062370163875,True,point_enum + GEMM_dot_mod_q,not_done,"PG(2,3)",numpy-openblas,data/adj/polarity_pg2_q3.npy,0,0,0,0,0,0,0,0,1,1,0.0004,"{""q"": 3, ""N"": 13}"
polarity_pg2_q5,polarity_pg2,31,11,5,5.806451612903226,0.3950789907714804,5.0,6.0,0.4066666666666663,0.19354838709677427,0.1935483870967742,,,3,3,10,10,9.864223347254395,3.596579310469003,True,20,0,1.366401517936006,False,point_enum + GEMM_dot_mod_q,not_done,"PG(2,5)",numpy-openblas,data/adj/polarity_pg2_q5.npy,0,0,0,0,0,0,0,0,0,0,0.0007,"{""q"": 5, ""N"": 31}"
polarity_pg2_q7,polarity_pg2,57,16,7,7.859649122807017,0.3473506995302339,7.0,8.0,2.2882653061224385,0.14035087719298245,0.14035087719298245,,,3,3,15,15,16.248062392544842,5.229027436828009,True,56,-1,1.2874850015928887,False,point_enum + GEMM_dot_mod_q,not_done,"PG(2,7)",numpy-openblas,data/adj/polarity_pg2_q7.npy,0,0,0,0,0,0,0,0,0,0,0.0005,"{""q"": 7, ""N"": 57}"
polarity_pg2_q11,polarity_pg2,133,29,11,11.909774436090226,0.28650464486101734,11.0,12.0,6.18250688705235,0.09022556390977443,0.09022556390977443,,,3,4,26,28,32.27192576490956,8.59999700071309,True,220,-1,1.1836853252668755,False,point_enum + GEMM_dot_mod_q,not_done,"PG(2,11)",numpy-openblas,data/adj/polarity_pg2_q11.npy,0,0,0,0,0,0,0,0,0,0,0.0016,"{""q"": 11, ""N"": 133}"
polarity_pg2_q13,polarity_pg2,183,38,13,13.923497267759563,0.26580079796754774,13.0,14.0,8.15426880811498,0.07650273224043713,0.07650273224043716,,,3,4,36,37,41.68594891441106,10.322995716285455,True,364,-1,1.1469333643521091,False,point_enum + GEMM_dot_mod_q,not_done,"PG(2,13)",numpy-openblas,data/adj/polarity_pg2_q13.npy,0,0,0,0,0,0,0,0,0,0,0.0031,"{""q"": 13, ""N"": 183}"
nagy_intersecting_t6,nagy_intersecting,15,6,6,8.0,0.0,8.0,8.0,0.0,0.5714285714285713,0.5714285714285714,5,3,5,5,3,3,3.0000000000000018,5.999999999999998,True,80,30,1.5704178024750197,True,pair_bitset AND + popcount,not_done,2-subsets of [6],numpy-openblas,data/adj/nagy_intersecting_t6.npy,1,1,1,1,1,1,1,1,0,0,0.0005,"{""t"": 6, ""N"": 15}"
nagy_intersecting_t7,nagy_intersecting,21,7,7,10.0,0.0,10.0,10.0,0.0,0.5,0.5,6,3,6,6,3,3,3.500000000000003,6.999999999999998,True,175,105,1.5448576602501738,True,pair_bitset AND + popcount,not_done,2-subsets of [7],numpy-openblas,data/adj/nagy_intersecting_t7.npy,1,1,1,1,1,1,1,1,1,1,0.0007,"{""t"": 7, ""N"": 21}"
nagy_intersecting_t8,nagy_intersecting,28,8,8,12.0,0.0,12.0,12.0,0.0,0.4444444444444445,0.4444444444444444,,,7,7,4,4,4.000000000000004,7.999999999999994,True,336,280,1.5166827729591992,False,pair_bitset AND + popcount,not_done,2-subsets of [8],numpy-openblas,data/adj/nagy_intersecting_t8.npy,1,1,1,1,1,1,1,1,1,1,0.0007,"{""t"": 8, ""N"": 28}"
nagy_intersecting_t9,nagy_intersecting,36,9,9,14.0,0.0,14.0,14.0,0.0,0.4000000000000001,0.4,,,8,8,4,4,4.500000000000007,8.999999999999998,True,588,630,1.4890953247181091,False,pair_bitset AND + popcount,not_done,2-subsets of [9],numpy-openblas,data/adj/nagy_intersecting_t9.npy,1,1,1,1,1,1,1,1,1,1,0.0009,"{""t"": 9, ""N"": 36}"
nagy_intersecting_t10,nagy_intersecting,45,10,10,16.0,0.0,16.0,16.0,0.0,0.36363636363636365,0.36363636363636365,,,9,9,5,5,5.000000000000017,9.999999999999996,True,960,1260,1.4632591596632238,False,pair_bitset AND + popcount,not_done,2-subsets of [10],numpy-openblas,data/adj/nagy_intersecting_t10.npy,1,1,1,1,1,1,1,1,1,1,0.0011,"{""t"": 10, ""N"": 45}"
nagy_intersecting_t11,nagy_intersecting,55,11,11,18.0,0.0,18.0,18.0,0.0,0.3333333333333332,0.3333333333333333,,,10,10,5,5,5.500000000000012,10.999999999999993,True,1485,-1,1.4395103439519596,False,pair_bitset AND + popcount,not_done,2-subsets of [11],numpy-openblas,data/adj/nagy_intersecting_t11.npy,1,1,1,1,1,1,1,1,1,1,0.0004,"{""t"": 11, ""N"": 55}"
nagy_intersecting_t12,nagy_intersecting,66,12,12,20.0,0.0,20.0,20.0,0.0,0.30769230769230765,0.3076923076923077,,,11,11,6,6,6.000000000000014,11.999999999999993,True,2200,-1,1.4178446907954592,False,pair_bitset AND + popcount,not_done,2-subsets of [12],numpy-openblas,data/adj/nagy_intersecting_t12.npy,1,1,1,1,1,1,1,1,1,1,0.0005,"{""t"": 12, ""N"": 66}"
nagy_intersecting_t13,nagy_intersecting,78,13,13,22.0,0.0,22.0,22.0,0.0,0.2857142857142856,0.2857142857142857,,,12,12,6,6,6.5000000000000195,12.999999999999988,True,3146,-1,1.3981241540572233,False,pair_bitset AND + popcount,not_done,2-subsets of [13],numpy-openblas,data/adj/nagy_intersecting_t13.npy,1,1,1,1,1,1,1,1,1,1,0.0006,"{""t"": 13, ""N"": 78}"
nagy_intersecting_t14,nagy_intersecting,91,14,14,24.0,0.0,24.0,24.0,0.0,0.2666666666666666,0.26666666666666666,,,13,13,7,7,7.000000000000012,13.999999999999998,True,4368,-1,1.3801666468502078,False,pair_bitset AND + popcount,not_done,2-subsets of [14],numpy-openblas,data/adj/nagy_intersecting_t14.npy,1,1,1,1,1,1,1,1,1,1,0.0007,"{""t"": 14, ""N"": 91}"
nagy_intersecting_t15,nagy_intersecting,105,15,15,26.0,0.0,26.0,26.0,0.0,0.25,0.25,,,14,14,7,7,7.500000000000037,15.000000000000004,True,5915,-1,1.3637851377151031,False,pair_bitset AND + popcount,not_done,2-subsets of [15],numpy-openblas,data/adj/nagy_intersecting_t15.npy,1,1,1,1,1,1,1,1,1,1,0.0009,"{""t"": 15, ""N"": 105}"
tensor_strong_product_seedpaley_prime_5,tensor_strong_product,25,5,25,8.0,0.0,8.0,8.0,0.0,0.33333333333333337,0.3333333333333333,,,4,4,4,4,6.573786516665267,4.145898033750312,True,100,25,1.9036539387158786,False,"kronecker(A+I, A+I)",not_done,paley_prime_5 ⊠ paley_prime_5,numpy-openblas,data/adj/tensor_strong_product_seedpaley_prime_5.npy,1,0,0,1,1,1,0,0,1,0,0.0006,"{""seed"": ""paley_prime_5"", ""n_seed"": 5, ""N"": 25}"
tensor_strong_product_seedpaley_prime_13,tensor_strong_product,169,10,169,48.0,0.0,48.0,48.0,0.0,0.28571428571428564,0.2857142857142857,,,9,9,9,9,29.425333235465047,32.88057053587596,True,22984,-1,1.6702776523348104,False,"kronecker(A+I, A+I)",not_done,paley_prime_13 ⊠ paley_prime_13,numpy-openblas,data/adj/tensor_strong_product_seedpaley_prime_13.npy,1,0,1,1,0,0,0,0,1,1,0.0022,"{""seed"": ""paley_prime_13"", ""n_seed"": 13, ""N"": 169}"
tensor_strong_product_seedpaley_prime_17,tensor_strong_product,289,11,289,80.0,0.0,80.0,80.0,0.0,0.27777777777777773,0.2777777777777778,,,9,9,9,10,45.76977292833374,57.94602468472044,True,104040,-1,1.6738555849799543,False,"kronecker(A+I, A+I)",not_done,paley_prime_17 ⊠ paley_prime_17,numpy-openblas,data/adj/tensor_strong_product_seedpaley_prime_17.npy,1,1,0,1,0,0,0,1,1,0,0.0065,"{""seed"": ""paley_prime_17"", ""n_seed"": 17, ""N"": 289}"
singer_difference_q2_n7,singer_difference,7,4,2,4.0,0.0,4.0,4.0,0.0,0.6666666666666666,0.6666666666666666,3,2,3,3,2,2,2.5178339331638457,3.198062264195161,True,7,0,1.6265765616977856,True,circulant_broadcast of Singer set,not_done,"PG(2,2) Singer",numpy-openblas,data/adj/singer_difference_q2_n7.npy,1,0,1,1,0,1,0,0,0,0,0.0002,"{""q"": 2, ""n"": 7, ""degree"": 4, ""D"": [0, 1, 3]}"
singer_difference_q3_n13,singer_difference,13,4,3,6.0,0.0,6.0,6.0,0.0,0.5,0.5,3,3,3,3,3,3,3.605551275463989,4.697224362268007,True,26,0,1.8988289221159418,True,circulant_broadcast of Singer set,not_done,"PG(2,3) Singer",numpy-openblas,data/adj/singer_difference_q3_n13.npy,1,0,1,1,0,0,0,0,1,1,0.0004,"{""q"": 3, ""n"": 13, ""degree"": 6, ""D"": [0, 1, 3, 9]}"
singer_difference_q4_n21,singer_difference,21,8,4,8.0,0.0,8.0,8.0,0.0,0.4000000000000001,0.4,3,7,3,3,7,7,7.000000000000001,6.208712152522081,True,49,0,1.4631114595026833,True,circulant_broadcast of Singer set,not_done,"PG(2,4) Singer",numpy-openblas,data/adj/singer_difference_q4_n21.npy,1,0,0,1,1,0,1,0,0,0,0.0008,"{""q"": 4, ""n"": 21, ""degree"": 8, ""D"": [0, 1, 4, 14, 16]}"
singer_difference_q5_n31,singer_difference,31,8,5,10.0,0.0,10.0,10.0,0.0,0.3333333333333335,0.3333333333333333,,,3,3,7,7,11.420502166526612,7.543212242108579,True,62,0,1.536102555746382,False,circulant_broadcast of Singer set,not_done,"PG(2,5) Singer",numpy-openblas,data/adj/singer_difference_q5_n31.npy,1,0,1,0,0,0,0,1,0,0,0.0012,"{""q"": 5, ""n"": 31, ""degree"": 10, ""D"": [0, 1, 3, 8, 12, 18]}"
